297207656182079488	Fri Feb 01 05:00:01 +0000 2013
297570022816088065	Sat Feb 02 04:59:56 +0000 2013
297932637388025857	Sun Feb 03 05:00:50 +0000 2013
298294605751926784	Mon Feb 04 04:59:10 +0000 2013
298657211654238208	Tue Feb 05 05:00:02 +0000 2013
299019599675023360	Wed Feb 06 05:00:02 +0000 2013
299381995794993153	Thu Feb 07 05:00:04 +0000 2013
299744366849822720	Fri Feb 08 05:00:00 +0000 2013
300106758913921024	Sat Feb 09 05:00:01 +0000 2013
300469146783723520	Sun Feb 10 05:00:01 +0000 2013
300831526122291200	Mon Feb 11 04:59:59 +0000 2013
301193910158520320	Tue Feb 12 04:59:58 +0000 2013
301556314553843712	Wed Feb 13 05:00:02 +0000 2013
301918690004324352	Thu Feb 14 04:59:59 +0000 2013
302281098627538944	Fri Feb 15 05:00:04 +0000 2013
302643482433052673	Sat Feb 16 05:00:03 +0000 2013
303005866108542976	Sun Feb 17 05:00:02 +0000 2013
303368253898629120	Mon Feb 18 05:00:02 +0000 2013
303730633463717890	Tue Feb 19 05:00:00 +0000 2013
304093037909381120	Wed Feb 20 05:00:04 +0000 2013
304455421702324224	Thu Feb 21 05:00:03 +0000 2013
304817801300942848	Fri Feb 22 05:00:01 +0000 2013
305180184808673280	Sat Feb 23 05:00:00 +0000 2013
305542576835010560	Sun Feb 24 05:00:01 +0000 2013
305904952222552064	Mon Feb 25 04:59:58 +0000 2013
306267344194400256	Tue Feb 26 04:59:59 +0000 2013
306701404427403264	Wed Feb 27 09:44:47 +0000 2013
306992141035524097	Thu Feb 28 05:00:04 +0000 2013
307354524471943168	Fri Mar 01 05:00:03 +0000 2013
307716904188002304	Sat Mar 02 05:00:02 +0000 2013
308079296092729344	Sun Mar 03 05:00:02 +0000 2013
308441688181993472	Mon Mar 04 05:00:03 +0000 2013
308804063414349825	Tue Mar 05 05:00:00 +0000 2013
309166455612649472	Wed Mar 06 05:00:01 +0000 2013
309528843637649409	Thu Mar 07 05:00:01 +0000 2013
309891235399753728	Fri Mar 08 05:00:02 +0000 2013
310253631733649408	Sat Mar 09 05:00:04 +0000 2013
310616007129567233	Sun Mar 10 05:00:01 +0000 2013
310963307844608000	Mon Mar 11 04:00:04 +0000 2013
311325683148279809	Tue Mar 12 04:00:01 +0000 2013
311687978982457344	Wed Mar 13 03:59:39 +0000 2013
312050341489283072	Thu Mar 14 03:59:33 +0000 2013
312412842722734081	Fri Mar 15 04:00:00 +0000 2013
312775234564534275	Sat Mar 16 04:00:01 +0000 2013
313137631129120770	Sun Mar 17 04:00:03 +0000 2013
313499733853368321	Mon Mar 18 03:58:55 +0000 2013
313862310437482497	Tue Mar 19 03:59:40 +0000 2013
314224698026242048	Wed Mar 20 03:59:40 +0000 2013
314586888809881600	Thu Mar 21 03:58:53 +0000 2013
314949381772161024	Fri Mar 22 03:59:18 +0000 2013
315311953826426880	Sat Mar 23 04:00:02 +0000 2013
315674333613785088	Sun Mar 24 04:00:00 +0000 2013
316036608023461888	Mon Mar 25 03:59:33 +0000 2013
316399130400403457	Tue Mar 26 04:00:05 +0000 2013
316761186626596864	Wed Mar 27 03:58:46 +0000 2013
317123809293524993	Thu Mar 28 03:59:42 +0000 2013
317486222551420928	Fri Mar 29 03:59:48 +0000 2013
317848673226735618	Sat Mar 30 04:00:03 +0000 2013
318211061306236929	Sun Mar 31 04:00:03 +0000 2013
318573243269267456	Mon Apr 01 03:59:14 +0000 2013
